{"toid":"85","truck":"0218LFH","originDate":1573974000000,"originLat":40.4562191,"originLong":-3.8707211,"dstDate":1573999427000,"dstLat":42.5519258,"dstLong":-8.9935558,"lastDate":0,"lastLat":0.0,"lastLong":0.0,"st":0}

{"toid":"59","truck":"0865FTJ","originDate":1568959200000,"originLat":40.4562191,"originLong":-3.8707211,"dstDate":1568962469000,"dstLat":40.9308098,"dstLong":-4.110524799999999,"lastDate":0,"lastLat":0.0,"lastLong":0.0,"st":0}

{"toid":"78","truck":"2915YYL","originDate":1578898800000,"originLat":40.4562191,"originLong":-3.8707211,"dstDate":1578903092000,"dstLat":40.6491754,"dstLong":-4.6736772,"lastDate":0,"lastLat":0.0,"lastLong":0.0,"st":0}

{"toid":"90","truck":"1234ABC","originDate":1580000000000,"originLat":41.4562191,"originLong":-3.8707211,"dstDate":1580003600000,"dstLat":41.5519258,"dstLong":-4.9935558,"lastDate":0,"lastLat":0.0,"lastLong":0.0,"st":0}

{"toid":"91","truck":"5678DEF","originDate":1581000000000,"originLat":42.4562191,"originLong":-3.8707211,"dstDate":1581007200000,"dstLat":42.5519258,"dstLong":-5.9935558,"lastDate":0,"lastLat":0.0,"lastLong":0.0,"st":0}

{"toid":"92","truck":"9101GHI","originDate":1582000000000,"originLat":43.4562191,"originLong":-3.8707211,"dstDate":1582005400000,"dstLat":43.5519258,"dstLong":-6.9935558,"lastDate":0,"lastLat":0.0,"lastLong":0.0,"st":0}

{"toid":"93","truck":"1121JKL","originDate":1583000000000,"originLat":44.4562191,"originLong":-3.8707211,"dstDate":1583003600000,"dstLat":44.5519258,"dstLong":-7.9935558,"lastDate":0,"lastLat":0.0,"lastLong":0.0,"st":0}

{"toid":"94","truck":"3141MNO","originDate":1584000000000,"originLat":45.4562191,"originLong":-3.8707211,"dstDate":1584001800000,"dstLat":45.5519258,"dstLong":-8.9935558,"lastDate":0,"lastLat":0.0,"lastLong":0.0,"st":0}

{"toid":"95","truck":"5161PQR","originDate":1585000000000,"originLat":46.4562191,"originLong":-3.8707211,"dstDate":1585000000000,"dstLat":46.5519258,"dstLong":-9.9935558,"lastDate":0,"lastLat":0.0,"lastLong":0.0,"st":0}

{"toid":"96","truck":"7181STU","originDate":1586000000000,"originLat":47.4562191,"originLong":-3.8707211,"dstDate":1586003600000,"dstLat":47.5519258,"dstLong":-10.9935558,"lastDate":0,"lastLat":0.0,"lastLong":0.0,"st":0}

{"toid":"97","truck":"9201VWX","originDate":1587000000000,"originLat":48.4562191,"originLong":-3.8707211,"dstDate":1587005400000,"dstLat":48.5519258,"dstLong":-11.9935558,"lastDate":0,"lastLat":0.0,"lastLong":0.0,"st":0}

{"toid":"98","truck":"1222YZA","originDate":1588000000000,"originLat":49.4562191,"originLong":-3.8707211,"dstDate":1588007200000,"dstLat":49.5519258,"dstLong":-12.9935558,"lastDate":0,"lastLat":0.0,"lastLong":0.0,"st":0}

{"toid":"99","truck":"3242BCD","originDate":1589000000000,"originLat":50.4562191,"originLong":-3.8707211,"dstDate":1589009000000,"dstLat":50.5519258,"dstLong":-13.9935558,"lastDate":0,"lastLat":0.0,"lastLong":0.0,"st":0}

{"toid":"100","truck":"5262EFG","originDate":1590000000000,"originLat":51.4562191,"originLong":-3.8707211,"dstDate":1590001800000,"dstLat":51.5519258,"dstLong":-14.9935558,"lastDate":0,"lastLat":0.0,"lastLong":0.0,"st":0}

{"toid":"101","truck":"7282HIJ","originDate":1591000000000,"originLat":52.4562191,"originLong":-3.8707211,"dstDate":1591003600000,"dstLat":52.5519258,"dstLong":-15.9935558,"lastDate":0,"lastLat":0.0,"lastLong":0.0,"st":0}

{"toid":"102","truck":"9302KLM","originDate":1592000000000,"originLat":53.4562191,"originLong":-3.8707211,"dstDate":1592005400000,"dstLat":53.5519258,"dstLong":-16.9935558,"lastDate":0,"lastLat":0.0,"lastLong":0.0,"st":0}

{"toid":"103","truck":"1322NOP","originDate":1593000000000,"originLat":54.4562191,"originLong":-3.8707211,"dstDate":1593007200000,"dstLat":54.5519258,"dstLong":-17.9935558,"lastDate":0,"lastLat":0.0,"lastLong":0.0,"st":0}

{"toid":"104","truck":"3342QRS","originDate":1594000000000,"originLat":55.4562191,"originLong":-3.8707211,"dstDate":1594009000000,"dstLat":55.5519258,"dstLong":-18.9935558,"lastDate":0,"lastLat":0.0,"lastLong":0.0,"st":0}

{"toid":"105","truck":"5362TUV","originDate":1595000000000,"originLat":56.4562191,"originLong":-3.8707211,"dstDate":1595001800000,"dstLat":56.5519258,"dstLong":-19.9935558,"lastDate":0,"lastLat":0.0,"lastLong":0.0,"st":0}

{"toid":"106","truck":"7382WXY","originDate":1596000000000,"originLat":57.4562191,"originLong":-3.8707211,"dstDate":1596003600000,"dstLat":57.5519258,"dstLong":-20.9935558,"lastDate":0,"lastLat":0.0,"lastLong":0.0,"st":0}