{"toid":"85","truck":"0218LFH","originDate":1573974000000,"originLat":40.4562191,"originLong":-3.8707211,"dstDate":1573999427000,"dstLat":42.5519258,"dstLong":-8.9935558,"lastDate":0,"lastLat":0.0,"lastLong":0.0,"st":0}
{"toid":"59","truck":"0865FTJ","originDate":1568959200000,"originLat":40.4562191,"originLong":-3.8707211,"dstDate":1568962469000,"dstLat":40.9308098,"dstLong":-4.110524799999999,"lastDate":0,"lastLat":0.0,"lastLong":0.0,"st":0}
{"toid":"78","truck":"2915YYL","originDate":1578898800000,"originLat":40.4562191,"originLong":-3.8707211,"dstDate":1578903092000,"dstLat":40.6491754,"dstLong":-4.6736772,"lastDate":0,"lastLat":0.0,"lastLong":0.0,"st":0}
{"toid":"90","truck":"3589GHK","originDate":1570000000000,"originLat":41.3870194,"originLong":2.1700471,"dstDate":1570030000000,"dstLat":42.1234567,"dstLong":-3.1234567,"lastDate":0,"lastLat":0.0,"lastLong":0.0,"st":0}
{"toid":"91","truck":"4920JBC","originDate":1572000000000,"originLat":39.4699075,"originLong":-0.3762881,"dstDate":1572020000000,"dstLat":40.9876543,"dstLong":-2.9876543,"lastDate":0,"lastLat":0.0,"lastLong":0.0,"st":0}
{"toid":"92","truck":"6234KLP","originDate":1573000000000,"originLat":40.4167754,"originLong":-3.7037902,"dstDate":1573030000000,"dstLat":41.7654321,"dstLong":-3.7654321,"lastDate":0,"lastLat":0.0,"lastLong":0.0,"st":0}
{"toid":"93","truck":"7845MBN","originDate":1574000000000,"originLat":43.3623436,"originLong":-8.4115401,"dstDate":1574030000000,"dstLat":44.1234567,"dstLong":-9.1234567,"lastDate":0,"lastLat":0.0,"lastLong":0.0,"st":0}
{"toid":"94","truck":"9182NQW","originDate":1575000000000,"originLat":37.387474,"originLong":-5.985425,"dstDate":1575030000000,"dstLat":38.1234567,"dstLong":-6.1234567,"lastDate":0,"lastLat":0.0,"lastLong":0.0,"st":0}
{"toid":"95","truck":"1056RBC","originDate":1576000000000,"originLat":36.7212737,"originLong":-4.4213988,"dstDate":1576030000000,"dstLat":37.1234567,"dstLong":-5.1234567,"lastDate":0,"lastLat":0.0,"lastLong":0.0,"st":0}
{"toid":"96","truck":"2198STU","originDate":1577000000000,"originLat":40.4562191,"originLong":-3.8707211,"dstDate":1577030000000,"dstLat":41.1234567,"dstLong":-4.1234567,"lastDate":0,"lastLat":0.0,"lastLong":0.0,"st":0}
{"toid":"97","truck":"3245UVW","originDate":1578000000000,"originLat":41.3870194,"originLong":2.1700471,"dstDate":1578030000000,"dstLat":42.654321,"dstLong":-3.654321,"lastDate":0,"lastLat":0.0,"lastLong":0.0,"st":0}
{"toid":"98","truck":"4367XYZ","originDate":1579000000000,"originLat":40.4167754,"originLong":-3.7037902,"dstDate":1579030000000,"dstLat":41.2345678,"dstLong":-4.2345678,"lastDate":0,"lastLat":0.0,"lastLong":0.0,"st":0}
{"toid":"99","truck":"5678ABC","originDate":1580000000000,"originLat":39.4699075,"originLong":-0.3762881,"dstDate":1580030000000,"dstLat":40.8765432,"dstLong":-3.8765432,"lastDate":0,"lastLat":0.0,"lastLong":0.0,"st":0}
{"toid":"100","truck":"6789DEF","originDate":1581000000000,"originLat":40.4562191,"originLong":-3.8707211,"dstDate":1581030000000,"dstLat":41.9876543,"dstLong":-4.9876543,"lastDate":0,"lastLat":0.0,"lastLong":0.0,"st":0}
{"toid":"101","truck":"7890GHI","originDate":1582000000000,"originLat":37.387474,"originLong":-5.985425,"dstDate":1582030000000,"dstLat":38.7654321,"dstLong":-6.7654321,"lastDate":0,"lastLat":0.0,"lastLong":0.0,"st":0}
{"toid":"102","truck":"8901JKL","originDate":1583000000000,"originLat":36.7212737,"originLong":-4.4213988,"dstDate":1583030000000,"dstLat":37.8765432,"dstLong":-5.8765432,"lastDate":0,"lastLat":0.0,"lastLong":0.0,"st":0}
{"toid":"103","truck":"9012MNO","originDate":1584000000000,"originLat":40.4562191,"originLong":-3.8707211,"dstDate":1584030000000,"dstLat":41.5432109,"dstLong":-4.5432109,"lastDate":0,"lastLat":0.0,"lastLong":0.0,"st":0}
{"toid":"104","truck":"1123PQR","originDate":1585000000000,"originLat":41.3870194,"originLong":2.1700471,"dstDate":1585030000000,"dstLat":42.4321098,"dstLong":-3.4321098,"lastDate":0,"lastLat":0.0,"lastLong":0.0,"st":0}
{"toid":"105","truck":"1234STU","originDate":1586000000000,"originLat":39.4699075,"originLong":-0.3762881,"dstDate":1586030000000,"dstLat":40.3456789,"dstLong":-3.3456789,"lastDate":0,"lastLat":0.0,"lastLong":0.0,"st":0}
{"toid":"106","truck":"1345VWX","originDate":1587000000000,"originLat":40.4167754,"originLong":-3.7037902,"dstDate":1587030000000,"dstLat":41.654321,"dstLong":-4.654321,"lastDate":0,"lastLat":0.0,"lastLong":0.0,"st":0}